id,label
4s8mxnikbt0f61qu2ea5,0
wcr5syvak4mq0tozn6i3d,0
qt6vl4jushkf7g5webcym,0
i84wvt3sa7golhud9x1f,1
o6013rbhaz94tlqmg8nc,1
d7ozs6blfp41r9cunjxq,1
ngk3cajsd2p8x419oewvr,0
2qwf9l4e3tgcoa7rjb8nv,0
m8g5sz61ec7uftob2na3,1
lpb637r9kts4qm8jndz2,1
3jfcnhs7gob6l80i9kaw,1
mys93xou2604vfza8cin,1
b9wfxtykrmgh0546e78j,0
ql93pibevwauznx7kgmd4,0
1jgdsmhaqk4z8wrtp6fo,1
h2fdjan489lr5xemzcsbt,0
fdw0axk7l58ovh3p9gjs,1
3f4t9wzcpg8u7l0irv1mh,0
y0jhxtmdovrs789auwqkl,0
lv0428z1nasmyxur9be6j,0
ilfd9v3pks75b8x6wy2a,1
nqdkx4738sbep0oacilm5,0
t15m97u4cbn3kfv6wylp,1
g534z18s0txbhciwqlnk,0
9fegwy56hbtkamq087v1,1
cwepv3a9407t62njhflro,0
bw9zty8njm0hdou1i4s7,1
t1s46ifonehxul7bw8gc,0
wk5zgcbhqstuo12fyxn0a,0
mqwo8bgdfc257e10ik9x6,0
7it2q9sye5z0bhudajlo,0
w4xjtub0z27ov8ay1cp3q,0
kmc7h9zulv4sgneqfbx6i,0
go4qr79aw52ilfsxtbp6,1
eqn729pf5c4sbw10jth6,1
h5w8v3rtyuapci0zjexog,0
iolhre9w48cxpsuv56gaq,0
ajfy0csedhuwrk49tbxn2,0
sbead2m8u0wifyplht6v,0
7mgbuf2tpsyn6941hxaev,0
emrbngvzaqpyu71sd963,1
af90znb5ydmcorje6h84q,0
x6hdej2psyrgfta95w7k,0
wk7421h3edu6gojtlnpv,1
c5e6ygs08n4i2z39hv71l,0
dbknxlyt90oze741f52im,0
dnf8rs40p962z7mvha3j,1
rxo78zibps6thwju0l431,0
7qr3penfx9zg6odljy1c,1
5y0seinobjmp2atc4v9w,1
xov7u93eg1s4y2cl68bda,0
4k0adj6m9byrlctux5poh,0
ov914idrtafzbw76qe0y,1
dq7gpfotcjhrsn5b8vekz,0
8yjl1ruthneomx936c7f,1
gcih0f9yls5tr6obxm4ad,0
u9f5e4jikgzrwptn176al,0
fb08hyknmrl6q3xwuis5,1
zb8wo2k4q6mpa0x53ver,0
io3vcd02bqtap5w6y17f,1
5pdly7jrxutekivn2z41,1
41lc63vmprs2fyba8iz5,1
tdjmwn38k57iqz4vsau6c,0
vdfk87x094mer5ao2z36q,0
uphxjzvbrya8gw1fe7ls3,1
01nuflorkm26dw7si39az,0
1h9lgzvybionfse5m80r,1
rp9sck7vj1504q2iyl8b,1
gzq4vcmrpk3yna7de2x0h,0
j8dl7neqsupv6w4xm5yo,1
8mtofv2wb630hqunixak5,0
1nuszvh23mbw4dylci7g,1
sl59j4mhzb6q2r7d1i3p8,0
c2zqrte46li385yaowg7,1
482f3wxksbhtojgl6v9d7,0
1nxr2q6om7dtl9iwbha0,1
u42kgwicqbaxprmsf739,1
t19kmsiu5agf0vje3cnhz,0
stujnfcz1ed4vqr925ah,1
7253j0a4ovw8kyudbpi1,1
q7d0b5im6u94asv8l1r2y,0
ace896xiq4zmnywthrlfp,0
